query,expected_answer,source_document,Applicatioin Answer
What is the enacting clause required for all Acts of Congress,Be it enacted by the Senate and House of Representatives of the United States of America in Congress assembled,Acts_Resolutions.pdf,The enacting clause required for all Acts of Congress is the following: 'Be it enacted by the Senate and House of Representatives of the United States of America in Congress assembled.
Who signs an engrossed bill in the House and Senate?,"In the House of Representatives, the engrossed bill is signed by the Clerk of the House.",Acts_Resolutions.pdf,"An engrossed bill in the House of Representatives is signed by the Clerk of the House, and in the Senate, it is signed by the Secretary of the Senate. After passing both Houses, the enrolled bill is signed by the presiding officers of both Houses before being sent to the President of the United States."
What is the mission of the IRS Independent Office of Appeals?,"To resolve federal tax controversies fairly and impartially without litigation, ensuring consistent application of tax laws.",Appeal Rights.pdf,"The mission of the IRS Independent Office of Appeals is to resolve Federal tax controversies without litigation on a basis that is fair and impartial to both the Government and the taxpayer. It also aims to promote a consistent application and interpretation of, and voluntary compliance with, the Federal tax laws, while enhancing public confidence in the integrity and efficiency of the IRS."
When can a taxpayer file a petition with the U.S. Tax Court?,"Only after receiving a notice of deficiency or determination letter, usually within 90 days (150 if outside the U.S.).",Appeal Rights.pdf," After receiving a notice of deficiency for income, estate, gift, or certain excise taxes or penalties, for employment tax liabilities, for abatement of interest claims under IRC 6404"
What is the dollar threshold for using a small case request instead of a formal protest?,"$25,000 or less in tax and penalties for each tax period.",Appeal Rights.pdf,"The dollar threshold for using a small case request instead of a formal written protest is when the total amount of tax and penalties for each tax period involved is $25,000 or less in the letter you received from the IRS. "
What is a qualified withdrawal from a CCF account?,"Withdrawals approved by NMFS to acquire, build, rebuild, or pay debt on qualified vessels.",capital_construction.pdf,A qualified withdrawal from a Capital Construction Fund (CCF) account is a withdrawal approved by the National Marine Fisheries Service (NMFS) for specific purposes related to qualified vessels.
Who administers the Capital Construction Fund (CCF) program?,The program is jointly administered by NOAA’s National Marine Fisheries Service (NMFS) and the IRS.,capital_construction.pdf,"The Capital Construction Fund (CCF) program is administered jointly by the National Oceanic and Atmospheric Administration (NOAA), National Marine Fisheries Service (NMFS), and the Internal Revenue Service (IRS)."
What is the maximum investment income allowed to qualify for the EIC?,"$11,950 or less",earned_income_credit.pdf,"The maximum investment income allowed to qualify for the Earned Income Credit (EIC) is $11,950 or less during the year. If your investment income exceeds this amount, you cannot claim the EIC."
Can you claim the EIC if you file Form 2555 (Foreign Earned Income)?,"No, filing Form 2555 disqualifies you from claiming the EIC.",earned_income_credit.pdf,"No, you cannot claim the Earned Income Credit (EIC) if you file Form 2555 (Foreign Earned Income). The rules explicitly state that filing Form 2555 disqualifies you from claiming the EIC."
What form must employees complete to determine federal income tax withholding?,Form W?4.,Employee_taxGuide.pdf,"Employees must complete Form W-4 to determine federal income tax withholding. This form allows employees to provide their personal information, filing status, and any adjustments to their withholding, such as additional income or tax credits. Employers use the information on Form W-4 to calculate the correct amount of federal income tax to withhold from employees' wages."
Which taxes are employers required to withhold from employee wages?,"Federal income tax, Social Security tax, and Medicare tax.",Employee_taxGuide.pdf,"answer"": ""Employers are required to withhold the following taxes from employee wages:\n\n1. **Federal Income Tax**: Employers must withhold federal income tax from salaries, wages, tips, taxable fringe benefits, sick pay, pensions, annuities, gambling winnings, unemployment compensation, and certain federal payments. This includes regular pay, bonuses, commissions, and vacation allowances, as well as reimbursements and expense allowances paid under a nonaccountable plan. [Source: Federal_Income_tax.pdf, Page: 39]\n\n2. **Social Security and Medicare Taxes**: Cash wages paid to employees, including farmworkers, are generally subject to social security and Medicare taxes. Employers are liable for these taxes whether or not they are collected from the employee. [Source: Employer_tax.pdf, Page: 18]\n\n3. **Additional Medicare Tax**:"
What is the purpose of Form W?2?,To report annual wages and the taxes withheld to both the employee and the IRS.,Employee_taxGuide.pdf,"The retrieved documents do not explicitly state the purpose of Form W-2. However, based on the context provided, Form W-2 (Wage and Tax Statement) is referenced in relation to compensation for IRA contributions. Specifically, the IRS treats amounts properly shown in box 1 (Wages, tips, other compensation) of Form W-2 as compensation, which is relevant for determining eligibility to contribute to a traditional IRA. [Source: Federal_Income_tax.pdf, Page: 80]"
What is the Social Security wage base limit for 2026? ,"$184,500.",Employer_tax.pdf,"The Social Security wage base limit for 2026 is $184,500."
At what rate are supplemental wages withheld if they exceed $1 million in a calendar year?,37%.,Employer_tax.pdf,"If supplemental wages paid to an employee during the calendar year exceed $1 million, the excess amount is subject to withholding at a rate of 37% (the highest rate of income tax for the year). This withholding rate applies without regard to the employee’s Form W-4. Additionally, in determining whether supplemental wages exceed $1 million, payments from all businesses under common control must be included. [Source: Employer_tax.pdf, Page: 24]"
Which form must employers file to report nonpayroll federal income tax withholding?,Form 945.,Employer_tax.pdf,"Employers must file Form 945 to report nonpayroll federal income tax withholding. This form is specifically used for reporting federal income tax withheld from nonpayroll payments, including backup withholding reported on Forms 1099 or Form W-2G. Form 945 should not be used for withholding reported on Form 1042 or for payroll-related withholding, which is reported on Forms 941, 943, or 944."
Which form do individuals use to file their annual federal income tax return?,Form 1040.,Federal_income_guide.pdf,"Individuals use Form 1040 (individual income tax return) or Form 1040-SR (tax return for seniors) to file their annual federal income tax return. These forms are referenced as part of the free tax preparation and filing options available through the IRS, including Free File and Direct File programs."
Which agency administers and enforces federal income tax laws?,The Internal Revenue Service (IRS).,Federal_income_guide.pdf,The Internal Revenue Service (IRS) administers and enforces federal income tax laws. The IRS's mission includes helping taxpayers understand and meet their tax responsibilities and enforcing the law with integrity and fairness to all.
Who can claim the foreign tax credit? ,"U.S. citizens, resident aliens, and certain nonresident aliens who pay foreign income tax on foreign source income.",Foreign_tax_credit.pdf,"The foreign tax credit can generally be claimed by U.S. taxpayers who have paid or accrued foreign income taxes to a foreign country or U.S. territory. This includes individuals, estates, or trusts that meet the following criteria: (1) The tax must be a legal and actual tax liability paid or accrued during the year, (2) the tax must be imposed on income, war profits, or excess profits, and (3) the taxpayer must have either directly paid or accrued the tax or be eligible to claim it through a joint return, partnership, or S corporation shareholder status."
What types of foreign taxes qualify for the credit?,Only legal and actual foreign income taxes (or taxes in lieu of income tax) that are imposed on you.,Foreign_tax_credit.pdf,"Foreign taxes that qualify for the foreign tax credit are generally those that are imposed on income, war profits, or excess profits, and meet certain requirements. "
Why is it usually better to take the credit instead of a deduction?,"A credit reduces U.S. tax liability dollar-for-dollar, while a deduction only reduces taxable income.",Foreign_tax_credit.pdf,"""It is usually better to take the foreign tax credit instead of a deduction for qualified foreign taxes because the credit provides a greater tax benefit in most cases. Specifically: \n\n1. The foreign tax credit reduces your actual U.S. income tax on a dollar-for-dollar basis, whereas a deduction only reduces your income subject to tax. This means the credit directly lowers your tax liability, while a deduction only reduces the amount of income that is taxed."
How is a partnership defined for federal tax purposes? ,"A partnership is any relationship where two or more persons join to carry on a trade or business, with each contributing money, property, labor, or skill and sharing in profits and losses.",Partnerships.pdf,"For federal tax purposes, a partnership is defined as an unincorporated organization with two or more members that carries on a trade, business, financial operation, or venture and divides its profits. However, a joint undertaking merely to share expenses (such as co-ownership of property maintained and rented or leased) is not classified as a partnership unless the co-owners provide services to the tenants. This definition applies to organizations formed after 1996, which are classified as partnerships if they have two or more members and are not otherwise excluded (e.g., not classified as a corporation, trust, or sole proprietorship)."
"Which form do partnerships use to report income, deductions, and credits?","Form 1065, U.S. Return of Partnership Income.",Partnerships.pdf,"Partnerships use Form 1065 to file an information return reporting income, deductions, and credits. This form shows the partnership's operations for its tax year and the items that must be passed through to the partners. Each partner receives a Schedule K-1 (Form 1065) detailing their share of these items."
Do partnerships pay income tax directly?,"No, partnerships are pass?through entities; income and losses flow through to partners’ individual tax returns.",Partnerships.pdf,"No, partnerships generally do not pay income tax directly. Instead, a partnership files an information return on Form 1065 to report the results of its operations, and the income, gains, losses, deductions, or credits pass through to the partners. Each partner must report their distributive share of these items on their individual tax return, whether or not the items are actually distributed to them. [Source: taxable and nontaxable income.pdf, Page: 17] Additionally, while partnerships are required to file Form 1065, they generally pay no tax themselves. [Source: Partnerships.pdf, Page: 5]"
When must rental income be reported under the cash method of accounting?,"In the year it is actually or constructively received, regardless of when it was earned.",Residential property.pdf,"Under the cash method of accounting, rental income must be reported in the year you actually or constructively receive it, regardless of when it was earned. This means you include the income in the year it is made available to you, such as when it is credited to your bank account. For example, advance rent must be included in your rental income in the year you receive it, regardless of the period it covers or your method of accounting. [Source: Residential property.pdf, Page: 3]"
Can you deduct expenses for a vacant rental property?,"Yes, ordinary and necessary expenses (including depreciation) can be deducted while the property is vacant, but not the lost rental income.",Residential property.pdf,"Yes, you can deduct ordinary and necessary expenses for managing, conserving, or maintaining a vacant rental property while it is held for rental purposes. However, you cannot deduct any loss of rental income for the period the property is vacant. If the property is vacant while listed for sale and not held out or available for rent, the expenses are not deductible as rental expenses. [Source: Residential property.pdf, Page: 6]"
What types of property improvements must be capitalized instead of deducted?,"Improvements that result in betterment, restoration, or adaptation of the property, such as new roofs, additions, or major structural repairs.",Residential property.pdf,"Property improvements must be capitalized instead of deducted if they result in a betterment to the property, restore the property, or adapt the property to a new or different use."
What is the purpose of the Taxpayer Bill of Rights?,To ensure taxpayers are treated fairly and understand their rights when dealing with the IRS.,Rights As a Taxpayer.pdf,"The Taxpayer Advocate Service (TAS) is an independent organization within the IRS that ensures taxpayers are treated fairly and understand their rights. TAS helps resolve problems that taxpayers cannot resolve with the IRS on their own, provides free assistance, and protects taxpayer rights as outlined in the Taxpayer Bill of Rights. Specifically, TAS ensures that taxpayers know and understand their rights, such as the right to quality service, the right to challenge the IRS’s position, and the right to a fair and just tax system. Taxpayers can contact TAS if they face financial difficulty, an immediate threat of adverse action, or if the IRS has not responded to repeated attempts at contact. "
Which right protects taxpayers from paying more than the correct amount of tax?,The Right to Pay No More than the Correct Amount of Tax.,Rights As a Taxpayer.pdf,"The right that protects taxpayers from paying more than the correct amount of tax is **The Right to Pay No More than the Correct Amount of Tax**. This right ensures that taxpayers pay only the amount of tax legally due, including interest and penalties, and that the IRS applies all tax payments properly."
What right allows taxpayers to challenge IRS positions and be heard?,The Right to Challenge the IRS’s Position and Be Heard.,Rights As a Taxpayer.pdf,"""answer"": ""Taxpayers have the right to challenge the IRS’s position and be heard under **The Right to Challenge the IRS’s Position and Be Heard**. This right allows taxpayers to raise objections and provide additional documentation in response to formal IRS actions or proposed actions."
Which form is used by individuals to file their annual federal income tax return?,Form 1040.,Tax_Guide.pdf,Individuals use Form 1040 or Form 1040-SR to file their annual federal income tax return. Form 1040-SR is specifically designed for seniors aged 60 and older.
What are the two main types of deductions taxpayers can claim?,Standard deduction and itemized deductions.,Tax_Guide.pdf,"1. **Deductions that do not result in an adjustment to the basis of property** (Category 2). These include most business deductions such as those for fertilizer, feed, insurance premiums, utilities, and wages. These deductions are allowed only to the extent that gross income from the activity exceeds deductions taken under Category 1 (e.g., losses from casualties or thefts). [Source: Farmer_tax_guide.pdf, Page: 29]"
What is the purpose of estimated tax payments?,"To pay tax on income not subject to withholding, such as self?employment or investment income.",Tax_Guide.pdf,"The purpose of estimated tax payments is to allow taxpayers to pay their income tax, self-employment tax, and alternative minimum tax as they earn or receive income during the year, rather than waiting to pay the full amount when filing their tax return. This system is designed to ensure that taxpayers meet their tax obligations incrementally, avoiding large lump-sum payments at the end of the year. Estimated tax payments are generally required if a taxpayer expects to owe $1,000 or more in taxes (including self-employment tax) when filing their return and does not have sufficient tax withheld from other sources, such as wages or pensions. [Source: Tax_guide_small_business.pdf, Page: 9]."
Which form must small businesses use to report annual income and expenses? ,"Schedule C (Form 1040), Profit or Loss from Business.",Tax_guide_small_business.pdf,"Small businesses must use Schedule C (Form 1040) to report annual income and expenses. This form is used to report income or loss from a business operated or a profession practiced as a sole proprietor. The income reported on Schedule C may also qualify for the business income deduction on Form 1040 or 1040-SR, line 13a, as referenced in the context."
Can business owners deduct expenses for business use of their home?,"Yes, if part of the home is used regularly and exclusively for business.",Tax_guide_small_business.pdf,"""answer"": ""Yes, business owners can deduct expenses for the business use of their home if they meet specific requirements. To qualify, the part of the home used for business must be used **exclusively and regularly** for business purposes. Additionally, the home office must be the principal place of business, a place to meet clients or customers in the normal course of business, or a separate structure used in connection with the business."
What employment taxes are small business owners responsible for?,"1. Social Security, Medicare, and federal income tax withholding.",Tax_guide_small_business.pdf,I cannot find specific details about the employment taxes small business owners are responsible for in the loaded documents. The provided context does not address this question directly.
Can homeowners deduct mortgage interest on their federal tax return?,"Yes, mortgage interest on a qualified home loan is deductible, subject to IRS limits.",taxinformation_for_homeowner.pdf,"Yes, homeowners can generally deduct mortgage interest on their federal tax return if they itemize deductions on Schedule A (Form 1040). The deduction applies to mortgage interest paid on acquisition debt (or debt that qualifies as acquisition debt) for a home. "
What is the tax treatment of gain from selling a primary residence?,"Up to $250,000 ($500,000 for married filing jointly) of gain may be excluded if ownership and use tests are met.",taxinformation_for_homeowner.pdf,"The tax treatment of gain from selling a primary residence allows for an exclusion of up to $250,000 ($500,000 for certain married persons filing a joint return) of the gain on the sale or exchange, provided certain conditions are met. Specifically, you must meet the ownership and use tests. However, the exclusion does not apply if you acquired the property through a like-kind exchange (1031 exchange) during the past 5 years or if you are subject to the expatriate tax. [Source: HOuse_legal.pdf, Page: 14]"
Which businesses formed after 1996 are automatically taxed as corporations? ,"Businesses formed under federal or state law as corporations, insurance companies, certain banks, and others specifically required by the Internal Revenue Code.",corporations.pdf,"Businesses formed after 1996 are automatically taxed as corporations if they fall into specific categories defined by federal tax rules. These include entities organized under federal or state law as corporations, body corporates, or body politics; joint-stock companies or joint-stock associations formed under state law; insurance companies; certain banks; businesses wholly owned by state or local governments; and any business that the Internal Revenue Code specifically requires to be taxed as a corporation, such as certain publicly traded partnerships."
What is the penalty for late filing of a corporate tax return?,"5% of unpaid tax per month, up to 25%, with a minimum penalty if over 60 days late.",corporations.pdf,"The penalty for late filing of a corporate tax return is 5% of the unpaid tax for each month or part of a month the return is late, up to a maximum of 25% of the unpaid tax. If the corporation is also charged a penalty for late payment of tax for the same period, the late filing penalty is reduced by the amount of the late payment penalty. Additionally, a minimum penalty applies if the return is filed more than 60 days late, and this minimum penalty amount may be adjusted for inflation. However, the penalty will not be imposed if the corporation can show that the failure to file on time was due to reasonable cause. [Source: corporations.pdf, Page: 5]"
